<USER_MODULE_INFO_DB>
  <USER_MODULE_INFO_LIST>
    <USER_MODULE_INFO NAME="ADCINC12_27" PATH="D:\PROGRAM FILES (X86)\CYPRESS\PSOC DESIGNER\5.4\COMMON\CYPRESSSEMIDEVICEEDITOR\DATA\STDUM\ADCINC12\Ver_5_3\ADCINC12_27.xml" />
    <USER_MODULE_INFO NAME="AMUX427" PATH="D:\PROGRAM FILES (X86)\CYPRESS\PSOC DESIGNER\5.4\COMMON\CYPRESSSEMIDEVICEEDITOR\DATA\STDUM\AMUX4\Ver_1_50\AMUX427.xml" />
    <USER_MODULE_INFO NAME="E2PROM32K" PATH="D:\PROGRAM FILES (X86)\CYPRESS\PSOC DESIGNER\5.4\COMMON\CYPRESSSEMIDEVICEEDITOR\DATA\STDUM\E2PROM\Ver_1_7\E2PROM32K.xml" />
    <USER_MODULE_INFO NAME="LCD27" PATH="D:\PROGRAM FILES (X86)\CYPRESS\PSOC DESIGNER\5.4\COMMON\CYPRESSSEMIDEVICEEDITOR\DATA\STDUM\LCD\Ver_1_60\LCD27.xml" />
    <USER_MODULE_INFO NAME="PGA27" PATH="D:\PROGRAM FILES (X86)\CYPRESS\PSOC DESIGNER\5.4\COMMON\CYPRESSSEMIDEVICEEDITOR\DATA\STDUM\PGA\Ver_3_2\PGA27.xml" />
    <USER_MODULE_INFO NAME="PGA27" PATH="D:\PROGRAM FILES (X86)\CYPRESS\PSOC DESIGNER\5.4\COMMON\CYPRESSSEMIDEVICEEDITOR\DATA\STDUM\PGA\Ver_3_2\PGA27.xml" />
    <USER_MODULE_INFO NAME="PGA27" PATH="D:\PROGRAM FILES (X86)\CYPRESS\PSOC DESIGNER\5.4\COMMON\CYPRESSSEMIDEVICEEDITOR\DATA\STDUM\PGA\Ver_3_2\PGA27.xml" />
    <USER_MODULE_INFO NAME="PWM0827" PATH="D:\PROGRAM FILES (X86)\CYPRESS\PSOC DESIGNER\5.4\COMMON\CYPRESSSEMIDEVICEEDITOR\DATA\STDUM\PWM8\Ver_2_60\PWM0827.xml" />
    <USER_MODULE_INFO NAME="Tmr1627" PATH="D:\PROGRAM FILES (X86)\CYPRESS\PSOC DESIGNER\5.4\COMMON\CYPRESSSEMIDEVICEEDITOR\DATA\STDUM\TIMER16\Ver_2_6\Tmr1627.xml" />
    <USER_MODULE_INFO NAME="UART27" PATH="D:\PROGRAM FILES (X86)\CYPRESS\PSOC DESIGNER\5.4\COMMON\CYPRESSSEMIDEVICEEDITOR\DATA\STDUM\UART\Ver_5_3\UART27.xml" />
  </USER_MODULE_INFO_LIST>
  <STDDEVICES_INFO_LIST>
    <STDDEVICES_INFO NAME="STDDEVICESBC1" PATH="d:\Program Files (x86)\Cypress\PSoC Designer\5.4\Common\CypressSemiDeviceEditor\data\STDDEVICESBC1.xml" />
    <STDDEVICES_INFO NAME="STDDEVICESBC2" PATH="d:\Program Files (x86)\Cypress\PSoC Designer\5.4\Common\CypressSemiDeviceEditor\data\STDDEVICESBC2.xml" />
  </STDDEVICES_INFO_LIST>
</USER_MODULE_INFO_DB>